,Date,a,ticket
0,2017-04-19,-0.4019,GOOGL
1,2017-04-19,-0.4019,GOOGL
2,2017-04-17,0.0258,GOOGL
3,2017-04-17,0.0258,GOOGL
4,2017-04-17,0.0258,GOOGL
5,2017-04-13,-0.1027,GOOGL
6,2017-04-13,0.7269,GOOGL
7,2017-04-13,-0.1027,GOOGL
8,2017-04-13,-0.1027,GOOGL
9,2017-04-10,0.8402,GOOGL
10,2017-04-10,0.8402,GOOGL
11,2017-04-07,-0.2263,GOOGL
12,2017-04-07,-0.5574,GOOGL
13,2017-04-07,-0.2263,GOOGL
14,2017-04-07,-0.2263,GOOGL
15,2017-04-06,-0.5574,GOOGL
16,2017-04-06,-0.2732,GOOGL
17,2017-04-05,-0.2732,GOOGL
18,2017-04-04,-0.7783,GOOGL
19,2017-04-04,-0.7783,GOOGL
20,2017-04-04,-0.7783,GOOGL
21,2017-03-27,0.4767,GOOGL
22,2017-03-27,0.4767,GOOGL
23,2017-03-27,0.4767,GOOGL
24,2017-03-27,0.4767,GOOGL
25,2017-03-24,-0.29600000000000004,GOOGL
26,2017-03-24,-0.8519,GOOGL
27,2017-03-24,-0.8519,GOOGL
28,2017-03-24,-0.8519,GOOGL
29,2017-03-22,0.9201,GOOGL
30,2017-03-22,0.9201,GOOGL
31,2017-03-22,0.9201,GOOGL
32,2017-03-17,0.0258,GOOGL
33,2017-03-17,-0.4215,GOOGL
34,2017-03-15,0.0,GOOGL
35,2017-03-11,0.0516,GOOGL
36,2017-03-11,0.0516,GOOGL
37,2017-03-10,0.0516,GOOGL
38,2017-03-10,0.3947,GOOGL
39,2017-03-07,0.0,GOOGL
40,2017-03-07,0.0,GOOGL
41,2017-03-07,-0.5859,GOOGL
42,2017-03-06,0.1513,GOOGL
43,2017-03-06,0.1513,GOOGL
44,2017-03-06,0.1513,GOOGL
45,2017-03-01,0.25,GOOGL
46,2017-03-01,0.25,GOOGL
47,2017-03-01,0.25,GOOGL
48,2017-02-28,-0.7783,GOOGL
49,2017-02-25,0.0,GOOGL
50,2017-02-24,0.0,GOOGL
51,2017-02-24,0.0,GOOGL
52,2017-02-24,0.0,GOOGL
53,2017-02-22,0.5106,GOOGL
54,2017-02-22,0.2023,GOOGL
55,2017-02-17,-0.743,GOOGL
56,2017-02-16,0.5574,GOOGL
57,2017-02-16,0.5574,GOOGL
58,2017-02-16,0.5574,GOOGL
59,2017-02-14,0.29600000000000004,GOOGL
60,2017-02-14,0.5267,GOOGL
61,2017-02-10,0.3818,GOOGL
62,2017-02-03,-0.29600000000000004,GOOGL
63,2017-02-02,-0.2057,GOOGL
64,2017-02-02,0.0736,GOOGL
65,2017-01-27,0.5267,GOOGL
66,2017-01-27,0.836,GOOGL
67,2017-01-26,0.0,GOOGL
68,2017-01-26,0.3976,GOOGL
69,2017-01-26,0.3182,GOOGL
70,2017-01-10,-0.4588,GOOGL
71,2017-01-04,-0.2263,GOOGL
72,2016-11-16,-0.802,GOOGL
73,2016-11-16,-0.802,GOOGL
74,2016-11-15,0.765,GOOGL
75,2016-11-15,0.3182,GOOGL
76,2016-11-15,0.0258,GOOGL
77,2016-11-14,0.29600000000000004,GOOGL
78,2016-11-14,0.5267,GOOGL
79,2016-11-14,0.29600000000000004,GOOGL
80,2016-11-14,0.5267,GOOGL
81,2016-11-10,0.29600000000000004,GOOGL
82,2016-11-07,0.0,GOOGL
83,2016-11-05,0.0,GOOGL
84,2016-11-03,-0.7717,GOOGL
85,2016-10-27,0.5719,GOOGL
86,2016-10-27,0.0258,GOOGL
87,2016-10-27,0.0258,GOOGL
88,2016-10-26,0.25,GOOGL
89,2016-10-26,0.25,GOOGL
90,2016-10-20,0.3818,GOOGL
91,2016-10-20,0.6808,GOOGL
92,2016-10-20,0.6808,GOOGL
93,2016-10-11,0.2732,GOOGL
94,2016-10-11,0.2732,GOOGL
95,2016-10-11,0.3818,GOOGL
96,2016-10-10,0.4215,GOOGL
97,2016-10-10,0.5719,GOOGL
98,2016-10-06,0.34,GOOGL
99,2016-10-06,0.29600000000000004,GOOGL
100,2016-10-06,0.29600000000000004,GOOGL
101,2016-09-28,0.0,GOOGL
102,2016-09-27,0.0,GOOGL
103,2016-09-27,0.1531,GOOGL
104,2016-09-27,0.1531,GOOGL
105,2016-09-26,0.5106,GOOGL
106,2016-09-15,0.0516,GOOGL
107,2016-09-14,0.0516,GOOGL
108,2016-09-12,-0.4767,GOOGL
109,2016-09-08,-0.6124,GOOGL
110,2016-09-08,0.765,GOOGL
111,2016-09-08,0.7096,GOOGL
112,2016-09-08,0.4404,GOOGL
113,2016-09-02,0.0258,GOOGL
114,2016-08-30,0.5423,GOOGL
115,2016-08-22,0.5267,GOOGL
116,2016-08-22,0.0,GOOGL
117,2016-08-22,0.0,GOOGL
118,2016-08-17,-0.5574,GOOGL
119,2016-08-11,0.0,GOOGL
120,2016-08-11,0.0,GOOGL
121,2016-08-02,-0.3818,GOOGL
122,2016-08-02,-0.3818,GOOGL
123,2016-08-01,-0.1027,GOOGL
124,2016-07-29,0.6908,GOOGL
125,2016-07-28,0.0,GOOGL
126,2016-07-28,0.5106,GOOGL
127,2016-07-22,0.0258,GOOGL
128,2016-07-20,-0.3818,GOOGL
129,2016-07-20,-0.3818,GOOGL
130,2016-07-14,0.4215,GOOGL
131,2016-07-12,-0.4404,GOOGL
132,2016-07-11,-0.4404,GOOGL
133,2016-06-29,0.0,GOOGL
134,2016-06-20,-0.5859,GOOGL
135,2016-06-13,0.6249,GOOGL
136,2016-06-09,0.1027,GOOGL
137,2016-06-09,0.1027,GOOGL
138,2016-06-09,0.1027,GOOGL
139,2016-06-07,0.0,GOOGL
140,2016-06-03,0.34,GOOGL
141,2016-06-03,0.4019,GOOGL
142,2016-06-03,-0.128,GOOGL
143,2016-06-03,-0.128,GOOGL
144,2016-06-01,0.0,GOOGL
145,2016-06-01,0.0,GOOGL
146,2016-05-31,0.0,GOOGL
147,2016-05-31,0.0,GOOGL
148,2016-05-27,0.7351,GOOGL
149,2016-05-26,0.3182,GOOGL
150,2016-05-25,0.3612,GOOGL
151,2016-05-24,-0.3818,GOOGL
152,2016-05-19,0.4767,GOOGL
153,2016-05-18,0.0,GOOGL
154,2016-05-18,0.2023,GOOGL
155,2016-05-13,0.5267,GOOGL
156,2016-05-13,0.5267,GOOGL
157,2016-05-11,-0.3612,GOOGL
158,2016-05-11,-0.3612,GOOGL
159,2016-05-05,0.0,GOOGL
160,2016-05-03,0.0,GOOGL
161,2016-04-28,0.0,GOOGL
162,2016-04-28,0.6124,GOOGL
163,2016-04-27,-0.2732,GOOGL
164,2016-04-26,-0.3818,GOOGL
165,2016-04-26,0.4019,GOOGL
166,2016-04-26,0.2263,GOOGL
167,2016-04-22,0.128,GOOGL
168,2016-04-22,-0.7003,GOOGL
169,2016-04-22,0.0,GOOGL
170,2016-04-22,-0.3182,GOOGL
171,2016-04-22,-0.3182,GOOGL
172,2016-04-22,-0.3182,GOOGL
173,2016-04-21,0.4404,GOOGL
174,2016-04-21,0.0,GOOGL
175,2016-04-21,0.5106,GOOGL
176,2016-04-19,0.0,GOOGL
177,2016-04-19,0.0,GOOGL
178,2016-04-15,0.4019,GOOGL
179,2016-04-08,-0.4939,GOOGL
180,2016-04-07,0.8588,GOOGL
181,2016-04-07,0.0,GOOGL
182,2016-04-07,0.0258,GOOGL
183,2016-03-29,0.0,GOOGL
184,2016-03-29,0.0,GOOGL
185,2016-03-18,0.743,GOOGL
186,2016-03-17,-0.0516,GOOGL
187,2016-03-17,0.0,GOOGL
188,2016-03-17,0.0,GOOGL
189,2016-03-15,0.0,GOOGL
190,2016-03-14,0.6808,GOOGL
191,2016-03-10,0.2263,GOOGL
192,2016-03-07,0.7269,GOOGL
193,2016-03-04,0.3818,GOOGL
194,2016-03-04,0.4215,GOOGL
195,2016-03-04,0.0,GOOGL
196,2016-03-03,0.0,GOOGL
197,2016-02-19,0.5106,GOOGL
198,2016-02-12,0.0,GOOGL
199,2016-02-11,0.1779,GOOGL
200,2016-02-11,0.2263,GOOGL
201,2016-02-11,0.2263,GOOGL
202,2016-02-11,0.0,GOOGL
203,2016-02-10,0.9081,GOOGL
204,2016-02-10,-0.2263,GOOGL
205,2016-02-10,0.9081,GOOGL
206,2016-02-09,-0.1779,GOOGL
207,2016-02-09,-0.1779,GOOGL
208,2016-02-08,-0.128,GOOGL
209,2016-02-08,-0.2732,GOOGL
210,2016-02-04,0.4404,GOOGL
211,2016-02-03,-0.0516,GOOGL
212,2016-02-03,-0.5267,GOOGL
213,2016-02-02,0.9216,GOOGL
214,2016-02-02,0.3818,GOOGL
215,2016-02-02,0.8718,GOOGL
216,2016-02-02,0.2023,GOOGL
217,2016-02-02,0.9216,GOOGL
218,2016-02-01,0.8718,GOOGL
219,2016-02-01,0.7003,GOOGL
220,2016-02-01,0.4767,GOOGL
221,2016-01-29,0.7906,GOOGL
222,2016-01-29,-0.6249,GOOGL
223,2016-01-29,0.7906,GOOGL
224,2016-01-28,0.0,GOOGL
225,2016-01-28,0.0258,GOOGL
226,2016-01-28,0.0258,GOOGL
227,2016-01-27,0.34,GOOGL
228,2016-01-27,0.743,GOOGL
229,2016-01-27,0.1779,GOOGL
230,2016-01-27,0.1779,GOOGL
231,2016-01-27,0.1779,GOOGL
232,2016-01-27,0.743,GOOGL
233,2016-01-27,0.34,GOOGL
234,2016-01-26,0.3182,GOOGL
235,2016-01-26,-0.29600000000000004,GOOGL
236,2016-01-25,0.4404,GOOGL
237,2016-01-23,0.128,GOOGL
238,2016-01-22,-0.128,GOOGL
239,2016-01-20,0.4588,GOOGL
240,2016-01-12,0.0,GOOGL
241,2016-01-12,-0.25,GOOGL
242,2015-12-22,0.6369,GOOGL
243,2015-12-16,0.0,GOOGL
244,2015-12-16,0.0,GOOGL
245,2015-12-16,0.0,GOOGL
246,2015-12-11,0.0,GOOGL
247,2015-12-11,0.0,GOOGL
248,2015-12-10,0.6115,GOOGL
249,2015-12-08,0.0,GOOGL
250,2015-12-08,0.0,GOOGL
251,2015-12-08,0.0,GOOGL
252,2015-12-07,0.0,GOOGL
253,2015-12-07,0.0,GOOGL
254,2015-12-03,0.0,GOOGL
255,2015-12-01,-0.1779,GOOGL
256,2015-12-01,-0.1779,GOOGL
257,2015-12-01,-0.6124,GOOGL
258,2015-11-30,-0.2732,GOOGL
259,2015-11-29,-0.2732,GOOGL
260,2015-11-27,-0.4767,GOOGL
261,2015-11-20,0.6369,GOOGL
262,2015-11-20,0.6369,GOOGL
263,2015-11-20,0.0,GOOGL
264,2015-11-20,0.0,GOOGL
265,2015-11-19,0.6808,GOOGL
266,2015-11-19,0.6808,GOOGL
267,2015-11-19,0.0,GOOGL
268,2015-11-17,-0.7003,GOOGL
269,2015-11-17,0.6908,GOOGL
270,2015-11-17,0.6908,GOOGL
271,2015-11-17,-0.7003,GOOGL
272,2015-11-17,-0.7003,GOOGL
273,2015-11-17,-0.7003,GOOGL
274,2015-11-13,0.0,GOOGL
275,2015-11-13,0.0,GOOGL
276,2015-11-10,-0.1779,GOOGL
277,2015-11-10,-0.1779,GOOGL
278,2015-11-10,-0.1779,GOOGL
279,2015-11-09,0.4019,GOOGL
280,2015-11-09,0.4019,GOOGL
281,2015-11-04,-0.4588,GOOGL
282,2015-11-04,-0.4588,GOOGL
283,2015-11-04,-0.4588,GOOGL
284,2015-11-04,0.4215,GOOGL
285,2015-11-03,0.0,GOOGL
286,2015-11-03,0.0,GOOGL
287,2015-11-03,0.0,GOOGL
288,2015-11-03,0.0,GOOGL
289,2015-11-03,0.0,GOOGL
290,2015-11-02,0.0,GOOGL
291,2015-10-31,-0.2263,GOOGL
292,2015-10-31,-0.2263,GOOGL
293,2015-10-30,-0.2263,GOOGL
294,2015-10-29,0.3182,GOOGL
295,2015-10-29,0.3182,GOOGL
296,2015-10-26,0.1779,GOOGL
297,2015-10-23,0.29600000000000004,GOOGL
298,2015-10-23,0.8176,GOOGL
299,2015-10-23,0.8176,GOOGL
300,2015-10-23,0.8176,GOOGL
301,2015-10-22,0.6249,GOOGL
302,2015-10-22,0.6249,GOOGL
303,2015-10-22,0.7003,GOOGL
304,2015-10-20,0.6808,GOOGL
305,2015-10-20,0.6808,GOOGL
306,2015-10-20,0.4767,GOOGL
307,2015-10-19,-0.29600000000000004,GOOGL
308,2015-10-19,0.6597,GOOGL
309,2015-10-19,0.6597,GOOGL
310,2015-10-16,-0.4717,GOOGL
311,2015-10-16,-0.4717,GOOGL
312,2015-10-14,0.0,GOOGL
313,2015-10-14,0.7783,GOOGL
314,2015-10-09,-0.1779,GOOGL
315,2015-10-09,-0.1779,GOOGL
316,2015-10-09,-0.34,GOOGL
317,2015-10-09,0.4767,GOOGL
318,2015-10-07,0.0,GOOGL
319,2015-10-07,0.0,GOOGL
320,2015-10-05,-0.6249,GOOGL
321,2015-10-05,-0.6249,GOOGL
322,2015-10-05,0.4019,GOOGL
323,2015-10-05,0.0,GOOGL
324,2015-10-05,0.5719,GOOGL
325,2015-10-05,0.5719,GOOGL
326,2015-10-05,0.5719,GOOGL
327,2015-10-05,0.29600000000000004,GOOGL
328,2015-10-05,0.29600000000000004,GOOGL
329,2015-10-03,0.0,GOOGL
330,2015-10-02,0.0,GOOGL
331,2015-10-02,0.0,GOOGL
332,2015-10-02,0.0,GOOGL
333,2015-10-02,0.0,GOOGL
334,2015-10-01,0.4767,GOOGL
335,2015-09-30,-0.5574,GOOGL
336,2015-09-30,-0.5574,GOOGL
337,2015-09-30,-0.4215,GOOGL
338,2015-09-29,0.29600000000000004,GOOGL
339,2015-09-29,0.29600000000000004,GOOGL
340,2015-09-29,0.29600000000000004,GOOGL
341,2015-09-29,0.0,GOOGL
342,2015-09-28,0.2023,GOOGL
343,2015-09-25,-0.1027,GOOGL
344,2015-09-25,-0.1027,GOOGL
345,2015-09-25,-0.1027,GOOGL
346,2015-09-25,-0.1027,GOOGL
347,2015-09-25,0.0258,GOOGL
348,2015-09-25,-0.6124,GOOGL
349,2015-09-21,0.3612,GOOGL
350,2015-09-21,-0.6249,GOOGL
351,2015-09-21,-0.6249,GOOGL
352,2015-09-15,0.0,GOOGL
353,2015-09-15,0.0,GOOGL
354,2015-09-15,0.29600000000000004,GOOGL
355,2015-09-15,0.29600000000000004,GOOGL
356,2015-09-14,-0.3612,GOOGL
357,2015-09-14,-0.3612,GOOGL
358,2015-09-14,-0.3612,GOOGL
359,2015-09-14,0.0,GOOGL
360,2015-09-14,-0.4939,GOOGL
361,2015-09-14,0.743,GOOGL
362,2015-09-14,0.0,GOOGL
363,2015-09-10,0.34,GOOGL
364,2015-09-10,0.34,GOOGL
365,2015-09-10,0.0516,GOOGL
366,2015-09-10,0.0516,GOOGL
367,2015-09-10,0.0516,GOOGL
368,2015-09-04,0.0,GOOGL
369,2015-09-04,0.0,GOOGL
370,2015-09-04,0.0,GOOGL
371,2015-09-01,0.0,GOOGL
372,2015-09-01,0.0,GOOGL
373,2015-09-01,-0.25,GOOGL
374,2015-09-01,-0.25,GOOGL
375,2015-09-01,-0.25,GOOGL
376,2015-08-31,0.4404,GOOGL
377,2015-08-31,0.4404,GOOGL
378,2015-08-28,0.5994,GOOGL
379,2015-08-28,0.6249,GOOGL
380,2015-08-28,0.6249,GOOGL
381,2015-08-28,0.6249,GOOGL
382,2015-08-28,0.5994,GOOGL
383,2015-08-27,-0.8779,GOOGL
384,2015-08-27,-0.8779,GOOGL
385,2015-08-27,-0.8779,GOOGL
386,2015-08-27,-0.8779,GOOGL
387,2015-08-21,-0.2755,GOOGL
388,2015-08-21,-0.2755,GOOGL
389,2015-08-18,0.4588,GOOGL
390,2015-08-18,0.4588,GOOGL
391,2015-08-17,0.0,GOOGL
392,2015-08-17,0.25,GOOGL
393,2015-08-17,0.29600000000000004,GOOGL
394,2015-08-13,-0.0572,GOOGL
395,2015-08-13,0.0,GOOGL
396,2015-08-13,0.0,GOOGL
397,2015-08-13,-0.0534,GOOGL
398,2015-08-13,-0.0534,GOOGL
399,2015-08-13,-0.5106,GOOGL
400,2015-08-13,0.29600000000000004,GOOGL
401,2015-08-13,0.128,GOOGL
402,2015-08-13,0.0,GOOGL
403,2015-08-12,0.7506,GOOGL
404,2015-08-12,0.7506,GOOGL
405,2015-08-12,0.7506,GOOGL
406,2015-08-12,0.7506,GOOGL
407,2015-08-11,0.765,GOOGL
408,2015-08-11,0.7003,GOOGL
409,2015-08-11,0.765,GOOGL
410,2015-08-11,0.765,GOOGL
411,2015-08-11,0.765,GOOGL
412,2015-08-11,0.0,GOOGL
413,2015-08-11,0.0,GOOGL
414,2015-08-11,0.0,GOOGL
415,2015-08-11,-0.1655,GOOGL
416,2015-08-11,0.0,GOOGL
417,2015-08-10,0.5719,GOOGL
418,2015-08-10,0.5719,GOOGL
419,2015-08-10,0.5719,GOOGL
420,2015-08-10,0.8442,GOOGL
421,2015-08-10,0.0,GOOGL
422,2015-08-10,0.0772,GOOGL
423,2015-08-07,0.4754,GOOGL
424,2015-08-07,0.4754,GOOGL
425,2015-08-06,0.4588,GOOGL
426,2015-08-06,0.4588,GOOGL
427,2015-08-06,0.4588,GOOGL
428,2015-08-04,0.0,GOOGL
429,2015-07-31,0.0,GOOGL
430,2015-07-31,-0.6908,GOOGL
431,2015-07-30,-0.2732,GOOGL
432,2015-07-30,-0.2732,GOOGL
433,2015-07-30,-0.2732,GOOGL
434,2015-07-30,0.7717,GOOGL
435,2015-07-30,-0.2732,GOOGL
436,2015-07-30,-0.2732,GOOGL
437,2015-07-30,-0.6908,GOOGL
438,2015-07-30,0.0,GOOGL
439,2015-07-30,-0.2732,GOOGL
440,2015-07-30,-0.2732,GOOGL
441,2015-07-29,0.25,GOOGL
442,2015-07-29,0.25,GOOGL
443,2015-07-27,0.7096,GOOGL
444,2015-07-24,0.0,GOOGL
445,2015-07-24,0.0,GOOGL
446,2015-07-23,-0.0258,GOOGL
447,2015-07-23,-0.0258,GOOGL
448,2015-07-23,-0.0258,GOOGL
449,2015-07-22,0.29600000000000004,GOOGL
450,2015-07-22,0.29600000000000004,GOOGL
451,2015-07-20,0.5187,GOOGL
452,2015-07-20,0.1779,GOOGL
453,2015-07-20,0.0258,GOOGL
454,2015-07-19,0.7184,GOOGL
455,2015-07-18,0.7184,GOOGL
456,2015-07-17,-0.2732,GOOGL
457,2015-07-17,0.7184,GOOGL
458,2015-07-17,0.8934,GOOGL
459,2015-07-17,0.0,GOOGL
460,2015-07-17,0.0,GOOGL
461,2015-07-17,0.3612,GOOGL
462,2015-07-17,0.0,GOOGL
463,2015-07-17,-0.7003,GOOGL
464,2015-07-17,0.0,GOOGL
465,2015-07-17,0.6249,GOOGL
466,2015-07-16,-0.34,GOOGL
467,2015-07-16,-0.34,GOOGL
468,2015-07-16,0.872,GOOGL
469,2015-07-16,0.743,GOOGL
470,2015-07-16,0.0,GOOGL
471,2015-07-16,-0.0408,GOOGL
472,2015-07-16,-0.0408,GOOGL
473,2015-07-16,-0.0408,GOOGL
474,2015-07-16,0.128,GOOGL
475,2015-07-08,0.1027,GOOGL
476,2015-07-07,0.0,GOOGL
477,2015-07-06,0.0,GOOGL
478,2015-07-06,0.2023,GOOGL
479,2015-07-06,-0.1027,GOOGL
480,2015-07-01,0.2023,GOOGL
481,2015-07-01,0.2023,GOOGL
482,2015-07-01,-0.5216,GOOGL
483,2015-07-01,0.0,GOOGL
484,2015-06-30,0.0,GOOGL
485,2015-06-30,0.5859,GOOGL
486,2015-06-30,0.5859,GOOGL
487,2015-06-30,0.1027,GOOGL
488,2015-06-30,0.0,GOOGL
489,2015-06-30,0.4939,GOOGL
490,2015-06-29,0.0772,GOOGL
491,2015-06-29,0.4939,GOOGL
492,2015-06-29,0.0,GOOGL
493,2015-06-29,0.8316,GOOGL
494,2015-06-29,-0.5106,GOOGL
495,2015-06-29,-0.5106,GOOGL
496,2015-06-29,0.8316,GOOGL
497,2015-06-29,0.8316,GOOGL
498,2015-06-29,0.743,GOOGL
499,2015-06-27,0.0,GOOGL
500,2015-06-27,0.0,GOOGL
501,2015-06-26,0.4404,GOOGL
502,2015-06-26,0.0,GOOGL
503,2015-06-26,0.0,GOOGL
504,2015-06-25,0.4404,GOOGL
505,2015-06-25,0.0,GOOGL
506,2015-06-25,0.4404,GOOGL
507,2015-06-25,0.4404,GOOGL
508,2015-06-25,0.2732,GOOGL
509,2015-06-25,0.5574,GOOGL
510,2015-06-24,0.743,GOOGL
511,2015-06-24,0.743,GOOGL
512,2015-06-23,0.4588,GOOGL
513,2015-06-23,0.4588,GOOGL
514,2015-06-23,0.2944,GOOGL
515,2015-06-23,0.1761,GOOGL
516,2015-06-22,0.0772,GOOGL
517,2015-06-22,0.0772,GOOGL
518,2015-06-19,0.2023,GOOGL
519,2015-06-18,0.0,GOOGL
520,2015-06-18,0.2732,GOOGL
521,2015-06-18,0.2732,GOOGL
522,2015-06-18,-0.6597,GOOGL
523,2015-06-18,-0.6597,GOOGL
524,2015-06-18,-0.6597,GOOGL
525,2015-06-18,0.0258,GOOGL
526,2015-06-18,0.0258,GOOGL
527,2015-06-18,0.3182,GOOGL
528,2015-06-16,-0.0516,GOOGL
529,2015-06-16,-0.0516,GOOGL
530,2015-06-16,0.0,GOOGL
531,2015-06-16,0.0,GOOGL
532,2015-06-15,0.4404,GOOGL
533,2015-06-15,0.4404,GOOGL
534,2015-06-12,0.29600000000000004,GOOGL
535,2015-06-12,0.0,GOOGL
536,2015-06-12,0.1531,GOOGL
537,2015-06-12,0.2023,GOOGL
538,2015-06-12,0.2023,GOOGL
539,2015-06-12,0.0,GOOGL
540,2015-06-11,0.1531,GOOGL
541,2015-06-09,0.0,GOOGL
542,2015-06-08,0.3612,GOOGL
543,2015-06-08,0.3612,GOOGL
544,2015-06-08,0.4404,GOOGL
545,2015-06-08,0.4215,GOOGL
546,2015-06-06,-0.6597,GOOGL
547,2015-06-06,-0.3182,GOOGL
548,2015-06-06,-0.3182,GOOGL
549,2015-06-05,0.5423,GOOGL
550,2015-06-05,0.6486,GOOGL
551,2015-06-05,0.6486,GOOGL
552,2015-06-05,0.6486,GOOGL
553,2015-06-03,-0.1586,GOOGL
554,2015-06-03,-0.1586,GOOGL
555,2015-06-03,0.4019,GOOGL
556,2015-06-02,-0.8591,GOOGL
557,2015-06-02,-0.8591,GOOGL
558,2015-06-02,-0.8591,GOOGL
559,2015-06-02,0.4019,GOOGL
560,2015-06-02,0.4019,GOOGL
561,2015-06-02,0.0,GOOGL
562,2015-06-02,0.0,GOOGL
563,2015-06-02,0.2023,GOOGL
564,2015-06-02,0.2023,GOOGL
565,2015-06-02,0.3612,GOOGL
566,2015-06-01,0.6124,GOOGL
567,2015-06-01,0.6124,GOOGL
568,2015-06-01,-0.34,GOOGL
569,2015-06-01,0.7845,GOOGL
570,2015-06-01,0.7845,GOOGL
571,2015-06-01,0.4939,GOOGL
572,2015-05-29,0.2732,GOOGL
573,2015-05-29,0.0,GOOGL
574,2015-05-29,0.0,GOOGL
575,2015-05-29,0.4019,GOOGL
576,2015-05-29,0.0,GOOGL
577,2015-05-29,0.3612,GOOGL
578,2015-05-28,0.0,GOOGL
579,2015-05-28,0.29600000000000004,GOOGL
580,2015-05-28,0.0,GOOGL
581,2015-05-26,0.5574,GOOGL
582,2015-05-26,0.5574,GOOGL
583,2015-05-26,0.5574,GOOGL
584,2015-05-26,0.5574,GOOGL
585,2015-05-26,0.5106,GOOGL
586,2015-05-24,0.0,GOOGL
587,2015-05-21,-0.8442,GOOGL
588,2015-05-21,-0.8442,GOOGL
589,2015-05-20,0.2263,GOOGL
590,2015-05-19,0.0,GOOGL
591,2015-05-18,-0.6705,GOOGL
592,2015-05-18,0.4019,GOOGL
593,2015-05-18,-0.29600000000000004,GOOGL
594,2015-05-16,0.0,GOOGL
595,2015-05-15,0.0,GOOGL
596,2015-05-15,0.0,GOOGL
597,2015-05-15,0.4215,GOOGL
598,2015-05-15,0.4215,GOOGL
599,2015-05-15,0.4215,GOOGL
600,2015-05-15,0.0,GOOGL
601,2015-05-15,0.4215,GOOGL
602,2015-05-15,0.4215,GOOGL
603,2015-05-06,0.4019,GOOGL
604,2015-05-05,-0.4215,GOOGL
605,2015-05-05,0.3167,GOOGL
606,2015-05-05,-0.5106,GOOGL
607,2015-05-05,-0.5106,GOOGL
608,2015-04-30,0.6486,GOOGL
609,2015-04-29,0.6486,GOOGL
610,2015-04-29,0.6486,GOOGL
611,2015-04-29,0.7096,GOOGL
612,2015-04-29,0.4019,GOOGL
613,2015-04-29,0.1531,GOOGL
614,2015-04-29,0.1531,GOOGL
615,2015-04-28,0.3869,GOOGL
616,2015-04-27,0.4019,GOOGL
617,2015-04-27,0.4019,GOOGL
618,2015-04-27,0.128,GOOGL
619,2015-04-25,-0.8689,GOOGL
620,2015-04-25,-0.8689,GOOGL
621,2015-04-24,0.6124,GOOGL
622,2015-04-24,0.0,GOOGL
623,2015-04-24,0.4404,GOOGL
624,2015-04-24,0.4404,GOOGL
625,2015-04-24,0.3182,GOOGL
626,2015-04-24,0.4404,GOOGL
627,2015-04-24,0.4404,GOOGL
628,2015-04-24,0.29600000000000004,GOOGL
629,2015-04-24,-0.5574,GOOGL
630,2015-04-24,0.7096,GOOGL
631,2015-04-23,0.8126,GOOGL
632,2015-04-23,0.3182,GOOGL
633,2015-04-23,0.8176,GOOGL
634,2015-04-23,0.3182,GOOGL
635,2015-04-23,0.29600000000000004,GOOGL
636,2015-04-23,0.29600000000000004,GOOGL
637,2015-04-23,0.0,GOOGL
638,2015-04-22,-0.1531,GOOGL
639,2015-04-22,-0.25,GOOGL
640,2015-04-22,-0.25,GOOGL
641,2015-04-21,-0.0772,GOOGL
642,2015-04-21,-0.0772,GOOGL
643,2015-04-21,0.4215,GOOGL
644,2015-04-20,0.0,GOOGL
645,2015-04-20,-0.128,GOOGL
646,2015-04-17,0.0,GOOGL
647,2015-04-17,0.5859,GOOGL
648,2015-04-17,0.6124,GOOGL
649,2015-04-17,0.7269,GOOGL
650,2015-04-16,0.29600000000000004,GOOGL
651,2015-04-16,-0.29600000000000004,GOOGL
652,2015-04-16,-0.29600000000000004,GOOGL
653,2015-04-16,0.4854,GOOGL
654,2015-04-15,-0.6369,GOOGL
655,2015-04-15,0.1779,GOOGL
656,2015-04-15,0.0,GOOGL
657,2015-04-15,0.1779,GOOGL
658,2015-04-15,0.5994,GOOGL
659,2015-04-15,0.5994,GOOGL
660,2015-04-15,0.5994,GOOGL
661,2015-04-15,0.1779,GOOGL
662,2015-04-15,0.4588,GOOGL
663,2015-04-15,0.4588,GOOGL
664,2015-04-14,-0.6597,GOOGL
665,2015-04-14,-0.7096,GOOGL
666,2015-04-14,0.3818,GOOGL
667,2015-04-14,0.3818,GOOGL
668,2015-04-14,0.2023,GOOGL
669,2015-04-14,0.4939,GOOGL
670,2015-04-08,-0.3182,GOOGL
671,2015-04-08,-0.3182,GOOGL
672,2015-04-08,-0.3182,GOOGL
673,2015-04-06,0.4019,GOOGL
674,2015-04-06,0.4019,GOOGL
675,2015-04-06,0.0258,GOOGL
676,2015-04-06,0.0258,GOOGL
677,2015-04-06,-0.7351,GOOGL
678,2015-04-04,-0.7351,GOOGL
679,2015-04-03,0.5994,GOOGL
680,2015-04-03,0.5994,GOOGL
681,2015-04-02,-0.4767,GOOGL
682,2015-04-02,-0.4767,GOOGL
683,2015-04-02,-0.4767,GOOGL
684,2015-04-02,0.6369,GOOGL
685,2015-03-30,0.32299999999999995,GOOGL
686,2015-03-27,0.0,GOOGL
687,2015-03-27,-0.128,GOOGL
688,2015-03-27,-0.3182,GOOGL
689,2015-03-27,0.7906,GOOGL
690,2015-03-26,-0.128,GOOGL
691,2015-03-26,0.7003,GOOGL
692,2015-03-25,-0.3818,GOOGL
693,2015-03-25,-0.3818,GOOGL
694,2015-03-25,0.0,GOOGL
695,2015-03-24,0.0,GOOGL
696,2015-03-24,0.0,GOOGL
697,2015-03-24,0.0,GOOGL
698,2015-03-24,0.0,GOOGL
699,2015-03-24,0.0,GOOGL
700,2015-03-24,0.0,GOOGL
701,2015-03-24,0.6808,GOOGL
702,2015-03-24,0.6808,GOOGL
703,2015-03-24,0.5859,GOOGL
704,2015-03-24,0.5859,GOOGL
705,2015-03-20,-0.5936,GOOGL
706,2015-03-20,0.2023,GOOGL
707,2015-03-19,0.0,GOOGL
708,2015-03-19,0.2732,GOOGL
709,2015-03-17,0.8481,GOOGL
710,2015-03-17,0.8481,GOOGL
711,2015-03-17,-0.4767,GOOGL
712,2015-03-17,-0.4767,GOOGL
713,2015-03-17,0.8481,GOOGL
714,2015-03-17,0.2023,GOOGL
715,2015-03-17,0.8316,GOOGL
716,2015-03-17,0.8316,GOOGL
717,2015-03-13,0.4939,GOOGL
718,2015-03-13,0.4939,GOOGL
719,2015-03-12,0.4019,GOOGL
720,2015-03-12,0.4019,GOOGL
721,2015-03-11,0.0,GOOGL
722,2015-03-11,0.0,GOOGL
723,2015-03-11,-0.4767,GOOGL
724,2015-03-10,-0.4767,GOOGL
725,2015-03-10,0.0,GOOGL
726,2015-03-10,0.0,GOOGL
727,2015-03-09,0.0,GOOGL
728,2015-03-09,0.0,GOOGL
729,2015-03-07,0.0,GOOGL
730,2015-03-07,0.0,GOOGL
731,2015-03-06,0.34,GOOGL
732,2015-03-06,0.34,GOOGL
733,2015-03-06,0.0,GOOGL
734,2015-03-04,0.6124,GOOGL
735,2015-03-04,0.0,GOOGL
736,2015-03-04,0.0,GOOGL
737,2015-03-03,-0.2263,GOOGL
738,2015-03-03,-0.2263,GOOGL
739,2015-03-03,0.34,GOOGL
740,2015-03-03,0.3818,GOOGL
741,2015-03-03,-0.4404,GOOGL
742,2015-03-03,-0.4404,GOOGL
743,2015-03-02,-0.0772,GOOGL
744,2015-03-02,-0.0772,GOOGL
745,2015-03-02,-0.0772,GOOGL
746,2015-03-02,-0.7096,GOOGL
747,2015-03-02,-0.7096,GOOGL
748,2015-03-02,0.0,GOOGL
749,2015-03-02,0.0258,GOOGL
750,2015-03-02,-0.5994,GOOGL
751,2015-03-02,-0.5994,GOOGL
752,2015-03-02,-0.5994,GOOGL
753,2015-02-27,0.0,GOOGL
754,2015-02-26,0.25,GOOGL
755,2015-02-26,0.5106,GOOGL
756,2015-02-26,0.25,GOOGL
757,2015-02-26,0.25,GOOGL
758,2015-02-26,0.25,GOOGL
759,2015-02-26,0.2023,GOOGL
760,2015-02-26,0.0,GOOGL
761,2015-02-26,0.0,GOOGL
762,2015-02-25,0.0772,GOOGL
763,2015-02-25,0.6124,GOOGL
764,2015-02-25,0.34,GOOGL
765,2015-02-25,-0.5267,GOOGL
766,2015-02-25,0.0,GOOGL
767,2015-02-24,-0.6705,GOOGL
768,2015-02-24,-0.6705,GOOGL
769,2015-02-24,-0.6705,GOOGL
770,2015-02-24,0.4215,GOOGL
771,2015-02-24,0.4215,GOOGL
772,2015-02-24,0.4215,GOOGL
773,2015-02-24,0.2023,GOOGL
774,2015-02-23,0.0,GOOGL
775,2015-02-23,0.0,GOOGL
776,2015-02-20,-0.7351,GOOGL
777,2015-02-20,-0.7351,GOOGL
778,2015-02-20,-0.7351,GOOGL
779,2015-02-20,0.2732,GOOGL
780,2015-02-20,0.0,GOOGL
781,2015-02-20,0.0,GOOGL
782,2015-02-20,-0.0772,GOOGL
783,2015-02-20,-0.0772,GOOGL
784,2015-02-20,-0.0772,GOOGL
785,2015-02-19,0.0,GOOGL
786,2015-02-18,0.0,GOOGL
787,2015-02-18,0.0,GOOGL
788,2015-02-17,0.0,GOOGL
789,2015-02-17,0.0,GOOGL
790,2015-02-10,0.0,GOOGL
791,2015-02-10,0.0,GOOGL
792,2015-02-09,0.228,GOOGL
793,2015-02-06,0.3818,GOOGL
794,2015-02-06,0.3818,GOOGL
795,2015-02-06,0.0258,GOOGL
796,2015-02-06,0.0258,GOOGL
797,2015-02-06,0.0,GOOGL
798,2015-02-06,0.0258,GOOGL
799,2015-02-05,0.0,GOOGL
800,2015-02-05,0.0,GOOGL
801,2015-02-05,0.25,GOOGL
802,2015-02-03,0.0,GOOGL
803,2015-02-03,0.0,GOOGL
804,2015-02-02,0.0,GOOGL
805,2015-02-02,0.0,GOOGL
806,2015-02-02,0.0,GOOGL
807,2015-02-02,-0.5267,GOOGL
808,2015-01-30,0.5574,GOOGL
809,2015-01-30,0.7425,GOOGL
810,2015-01-30,0.7425,GOOGL
811,2015-01-30,0.7425,GOOGL
812,2015-01-29,0.0,GOOGL
813,2015-01-29,0.0,GOOGL
814,2015-01-29,-0.4215,GOOGL
815,2015-01-28,0.5859,GOOGL
816,2015-01-28,0.5859,GOOGL
817,2015-01-28,-0.29600000000000004,GOOGL
818,2015-01-26,0.5423,GOOGL
819,2015-01-22,0.0,GOOGL
820,2015-01-22,0.0,GOOGL
821,2015-01-22,0.0,GOOGL
822,2015-01-22,0.0,GOOGL
823,2015-01-22,0.0258,GOOGL
824,2015-01-21,0.2732,GOOGL
825,2015-01-21,0.0,GOOGL
826,2015-01-21,-0.2732,GOOGL
827,2015-01-21,0.0,GOOGL
828,2015-01-20,0.2263,GOOGL
829,2015-01-20,0.2263,GOOGL
830,2015-01-20,0.2263,GOOGL
831,2015-01-20,0.0,GOOGL
832,2015-01-20,0.0,GOOGL
833,2015-01-20,0.0,GOOGL
834,2015-01-19,0.0772,GOOGL
835,2015-01-19,0.0772,GOOGL
836,2015-01-19,0.0,GOOGL
837,2015-01-19,-0.6369,GOOGL
838,2015-01-19,-0.6369,GOOGL
839,2015-01-17,0.0258,GOOGL
840,2015-01-17,0.0258,GOOGL
841,2015-01-17,0.0258,GOOGL
842,2015-01-16,-0.25,GOOGL
843,2015-01-15,-0.25,GOOGL
844,2015-01-15,-0.25,GOOGL
845,2015-01-14,0.2023,GOOGL
846,2015-01-14,0.0,GOOGL
847,2015-01-14,0.0,GOOGL
848,2015-01-14,-0.2732,GOOGL
849,2015-01-14,-0.2732,GOOGL
850,2015-01-14,-0.1531,GOOGL
851,2015-01-14,-0.1531,GOOGL
852,2015-01-14,-0.1531,GOOGL
853,2015-01-14,-0.2732,GOOGL
854,2015-01-14,0.4215,GOOGL
855,2015-01-13,0.0,GOOGL
856,2015-01-12,0.0,GOOGL
857,2015-01-12,-0.3818,GOOGL
858,2015-01-12,-0.3818,GOOGL
859,2015-01-12,-0.6249,GOOGL
860,2015-01-12,-0.6249,GOOGL
861,2015-01-12,0.2263,GOOGL
862,2015-01-12,0.2263,GOOGL
863,2015-01-12,0.2263,GOOGL
864,2015-01-12,0.0,GOOGL
865,2015-01-08,0.0,GOOGL
866,2015-01-08,0.0,GOOGL
867,2015-01-08,0.0258,GOOGL
868,2015-01-08,0.0258,GOOGL
869,2015-01-06,0.0,GOOGL
870,2015-01-06,0.0,GOOGL
871,2015-01-06,0.0,GOOGL
872,2015-01-06,0.0,GOOGL
873,2014-12-29,-0.2023,GOOGL
874,2014-12-29,0.34,GOOGL
875,2014-12-28,0.34,GOOGL
876,2014-12-28,0.34,GOOGL
877,2014-12-26,-0.4767,GOOGL
878,2014-12-25,0.34,GOOGL
879,2014-12-25,0.34,GOOGL
880,2014-12-24,-0.4767,GOOGL
881,2014-12-24,-0.4767,GOOGL
882,2014-12-24,0.0,GOOGL
883,2014-12-24,-0.7184,GOOGL
884,2014-12-24,-0.8834,GOOGL
885,2014-12-23,-0.8834,GOOGL
886,2014-12-19,0.7003,GOOGL
887,2014-12-18,-0.4767,GOOGL
888,2014-12-18,-0.2263,GOOGL
889,2014-12-18,-0.4588,GOOGL
890,2014-12-18,-0.25,GOOGL
891,2014-12-18,-0.25,GOOGL
892,2014-12-15,0.4019,GOOGL
893,2014-12-15,0.4019,GOOGL
894,2014-12-15,0.5773,GOOGL
895,2014-12-15,0.5773,GOOGL
896,2014-12-12,-0.6124,GOOGL
897,2014-12-12,-0.6124,GOOGL
898,2014-12-12,-0.6124,GOOGL
899,2014-12-12,0.29600000000000004,GOOGL
900,2014-12-12,0.29600000000000004,GOOGL
901,2014-12-11,0.0516,GOOGL
902,2014-12-11,0.0516,GOOGL
903,2014-12-11,-0.1027,GOOGL
904,2014-12-11,-0.2247,GOOGL
905,2014-12-11,-0.1027,GOOGL
906,2014-12-11,0.1027,GOOGL
907,2014-12-11,0.1027,GOOGL
908,2014-12-11,0.3612,GOOGL
909,2014-12-10,0.7351,GOOGL
910,2014-12-10,0.8591,GOOGL
911,2014-12-10,0.8591,GOOGL
912,2014-12-09,0.5859,GOOGL
913,2014-12-09,-0.1124,GOOGL
914,2014-12-09,0.0,GOOGL
915,2014-12-09,0.0,GOOGL
916,2014-12-04,-0.3818,GOOGL
917,2014-12-03,-0.743,GOOGL
918,2014-12-03,-0.743,GOOGL
919,2014-12-03,-0.743,GOOGL
920,2014-12-03,-0.743,GOOGL
921,2014-12-03,0.8516,GOOGL
922,2014-12-03,0.8516,GOOGL
923,2014-12-03,-0.3818,GOOGL
924,2014-12-03,0.0,GOOGL
925,2014-12-03,0.4019,GOOGL
926,2014-12-03,0.4019,GOOGL
927,2014-12-02,-0.0772,GOOGL
928,2014-12-02,-0.0772,GOOGL
929,2014-11-28,0.4005,GOOGL
930,2014-11-27,0.4005,GOOGL
931,2014-11-27,0.0,GOOGL
932,2014-11-27,0.4404,GOOGL
933,2014-11-27,-0.34,GOOGL
934,2014-11-26,0.2732,GOOGL
935,2014-11-26,-0.34,GOOGL
936,2014-11-25,0.7089,GOOGL
937,2014-11-25,0.7089,GOOGL
938,2014-11-25,0.7089,GOOGL
939,2014-11-24,-0.1531,GOOGL
940,2014-11-24,-0.1531,GOOGL
941,2014-11-24,-0.4767,GOOGL
942,2014-11-24,0.1027,GOOGL
943,2014-11-21,0.0,GOOGL
944,2014-11-21,0.0,GOOGL
945,2014-11-21,0.0,GOOGL
946,2014-11-21,0.0,GOOGL
947,2014-11-21,0.0,GOOGL
948,2014-11-20,0.0772,GOOGL
949,2014-11-20,0.8126,GOOGL
950,2014-11-19,0.2023,GOOGL
951,2014-11-19,0.2023,GOOGL
952,2014-11-19,0.3612,GOOGL
953,2014-11-19,0.3612,GOOGL
954,2014-11-15,0.4404,GOOGL
955,2014-11-15,0.4404,GOOGL
956,2014-11-14,0.4404,GOOGL
957,2014-11-14,0.4404,GOOGL
958,2014-11-13,0.0762,GOOGL
959,2014-11-13,-0.29600000000000004,GOOGL
960,2014-11-13,0.0762,GOOGL
961,2014-11-12,-0.4767,GOOGL
962,2014-11-12,0.2263,GOOGL
963,2014-11-12,0.2263,GOOGL
964,2014-11-12,0.4215,GOOGL
965,2014-11-12,-0.4767,GOOGL
966,2014-11-12,-0.4939,GOOGL
967,2014-11-11,0.2732,GOOGL
968,2014-11-11,0.2732,GOOGL
969,2014-11-11,0.0,GOOGL
970,2014-11-11,0.0,GOOGL
971,2014-11-11,-0.1779,GOOGL
972,2014-11-11,-0.1779,GOOGL
973,2014-11-10,0.0,GOOGL
974,2014-11-06,-0.1531,GOOGL
975,2014-11-05,-0.7096,GOOGL
976,2014-11-05,-0.7096,GOOGL
977,2014-11-05,0.7572,GOOGL
978,2014-11-05,-0.4767,GOOGL
979,2014-11-05,-0.4404,GOOGL
980,2014-11-05,0.0,GOOGL
981,2014-11-05,-0.4404,GOOGL
982,2014-11-05,-0.4767,GOOGL
983,2014-11-04,0.25,GOOGL
984,2014-11-04,-0.5267,GOOGL
985,2014-11-04,-0.5719,GOOGL
986,2014-10-31,0.0,GOOGL
987,2014-10-31,0.0,GOOGL
988,2014-10-30,0.0,GOOGL
989,2014-10-30,0.0,GOOGL
990,2014-10-30,-0.3612,GOOGL
991,2014-10-30,-0.7034,GOOGL
992,2014-10-29,-0.4939,GOOGL
993,2014-10-29,0.0,GOOGL
994,2014-10-29,0.0516,GOOGL
995,2014-10-29,0.0772,GOOGL
996,2014-10-29,0.0772,GOOGL
997,2014-10-29,-0.5106,GOOGL
998,2014-10-29,-0.5106,GOOGL
999,2014-10-28,-0.34,GOOGL
1000,2014-10-28,0.4215,GOOGL
1001,2014-10-28,0.4215,GOOGL
1002,2014-10-28,0.0,GOOGL
1003,2014-10-28,0.0,GOOGL
1004,2014-10-25,-0.4939,GOOGL
1005,2014-10-25,-0.4939,GOOGL
1006,2014-10-24,0.0,GOOGL
1007,2014-10-24,0.0,GOOGL
1008,2014-10-24,0.0,GOOGL
1009,2014-10-23,0.2732,GOOGL
1010,2014-10-23,0.4767,GOOGL
1011,2014-10-23,0.4767,GOOGL
1012,2014-10-22,0.5267,GOOGL
1013,2014-10-22,0.5267,GOOGL
1014,2014-10-22,0.128,GOOGL
1015,2014-10-21,0.3818,GOOGL
1016,2014-10-21,0.3818,GOOGL
1017,2014-10-21,0.4939,GOOGL
1018,2014-10-17,0.7783,GOOGL
1019,2014-10-16,0.0,GOOGL
1020,2014-10-16,0.7783,GOOGL
1021,2014-10-16,0.7783,GOOGL
1022,2014-10-16,0.0,GOOGL
1023,2014-10-16,0.0,GOOGL
1024,2014-10-16,0.7096,GOOGL
1025,2014-10-16,-0.4404,GOOGL
1026,2014-10-16,0.0,GOOGL
1027,2014-10-16,0.2732,GOOGL
1028,2014-10-16,-0.4404,GOOGL
1029,2014-10-15,0.0,GOOGL
1030,2014-10-15,0.34,GOOGL
1031,2014-10-14,0.0,GOOGL
1032,2014-10-14,-0.2263,GOOGL
1033,2014-10-14,-0.2732,GOOGL
1034,2014-10-14,0.0,GOOGL
1035,2014-10-14,-0.2732,GOOGL
1036,2014-10-14,-0.5106,GOOGL
1037,2014-10-14,0.0,GOOGL
1038,2014-10-14,0.3182,GOOGL
1039,2014-10-14,0.4215,GOOGL
1040,2014-10-14,0.3182,GOOGL
1041,2014-10-13,0.0,GOOGL
1042,2014-10-10,0.5859,GOOGL
1043,2014-10-10,0.0,GOOGL
1044,2014-10-09,0.2247,GOOGL
1045,2014-10-08,0.4215,GOOGL
1046,2014-10-08,0.0,GOOGL
1047,2014-10-08,-0.1531,GOOGL
1048,2014-10-07,0.0,GOOGL
1049,2014-10-07,0.0,GOOGL
1050,2014-10-07,0.8402,GOOGL
1051,2014-10-07,0.5267,GOOGL
1052,2014-10-03,-0.1779,GOOGL
1053,2014-10-03,0.6705,GOOGL
1054,2014-10-03,0.0,GOOGL
1055,2014-10-03,0.0,GOOGL
1056,2014-10-03,0.0,GOOGL
1057,2014-10-02,0.6705,GOOGL
1058,2014-10-02,0.6705,GOOGL
1059,2014-10-02,-0.743,GOOGL
1060,2014-10-02,-0.743,GOOGL
1061,2014-10-02,-0.743,GOOGL
1062,2014-10-02,-0.2263,GOOGL
1063,2014-10-02,0.0,GOOGL
1064,2014-10-01,0.0,GOOGL
1065,2014-09-30,0.0,GOOGL
1066,2014-09-30,0.0,GOOGL
1067,2014-09-30,-0.6990000000000001,GOOGL
1068,2014-09-30,-0.6990000000000001,GOOGL
1069,2014-09-30,0.0,GOOGL
1070,2014-09-30,0.0,GOOGL
1071,2014-09-29,-0.128,GOOGL
1072,2014-09-29,-0.128,GOOGL
1073,2014-09-29,-0.128,GOOGL
1074,2014-09-29,-0.128,GOOGL
1075,2014-09-29,-0.29600000000000004,GOOGL
1076,2014-09-26,0.4019,GOOGL
1077,2014-09-26,0.4019,GOOGL
1078,2014-09-26,0.1531,GOOGL
1079,2014-09-26,0.1531,GOOGL
1080,2014-09-26,0.1779,GOOGL
1081,2014-09-25,-0.7003,GOOGL
1082,2014-09-25,-0.7003,GOOGL
1083,2014-09-25,0.1531,GOOGL
1084,2014-09-25,0.1531,GOOGL
1085,2014-09-25,0.4019,GOOGL
1086,2014-09-25,0.0,GOOGL
1087,2014-09-23,-0.4019,GOOGL
1088,2014-09-23,-0.34,GOOGL
1089,2014-09-23,0.0,GOOGL
1090,2014-09-23,0.0,GOOGL
1091,2014-09-22,0.0258,GOOGL
1092,2014-09-22,0.0258,GOOGL
1093,2014-09-22,0.0258,GOOGL
1094,2014-09-22,0.0,GOOGL
1095,2014-09-22,0.0,GOOGL
1096,2014-09-19,0.0,GOOGL
1097,2014-09-18,0.0,GOOGL
1098,2014-09-18,0.0,GOOGL
1099,2014-09-18,-0.5106,GOOGL
1100,2014-09-18,0.4588,GOOGL
1101,2014-09-18,0.4404,GOOGL
1102,2014-09-17,0.0,GOOGL
1103,2014-09-16,0.0,GOOGL
1104,2014-09-16,0.0,GOOGL
1105,2014-09-16,0.3612,GOOGL
1106,2014-09-15,-0.4588,GOOGL
1107,2014-09-15,-0.4588,GOOGL
1108,2014-09-15,-0.6808,GOOGL
1109,2014-09-15,-0.6808,GOOGL
1110,2014-09-15,0.7003,GOOGL
1111,2014-09-15,0.0,GOOGL
1112,2014-09-15,0.29600000000000004,GOOGL
1113,2014-09-12,0.4215,GOOGL
1114,2014-09-12,-0.0772,GOOGL
1115,2014-09-12,-0.0772,GOOGL
1116,2014-09-12,0.0516,GOOGL
1117,2014-09-12,0.0516,GOOGL
1118,2014-09-12,0.3182,GOOGL
1119,2014-09-12,0.0,GOOGL
1120,2014-09-12,0.2263,GOOGL
1121,2014-09-12,0.29600000000000004,GOOGL
1122,2014-09-10,0.0,GOOGL
1123,2014-09-10,-0.4767,GOOGL
1124,2014-09-10,-0.128,GOOGL
1125,2014-09-10,-0.128,GOOGL
1126,2014-09-10,0.25,GOOGL
1127,2014-09-10,0.29600000000000004,GOOGL
1128,2014-09-10,0.29600000000000004,GOOGL
1129,2014-09-10,0.4215,GOOGL
1130,2014-09-10,0.0,GOOGL
1131,2014-09-09,0.4588,GOOGL
1132,2014-09-09,-0.2263,GOOGL
1133,2014-09-08,0.5106,GOOGL
1134,2014-09-08,-0.1027,GOOGL
1135,2014-09-08,-0.1027,GOOGL
1136,2014-09-08,0.5106,GOOGL
1137,2014-09-05,-0.4588,GOOGL
1138,2014-09-05,-0.4588,GOOGL
1139,2014-09-05,-0.6597,GOOGL
1140,2014-09-04,-0.3612,GOOGL
1141,2014-09-04,-0.6369,GOOGL
1142,2014-09-04,0.2023,GOOGL
1143,2014-09-04,0.29600000000000004,GOOGL
1144,2014-09-04,0.5106,GOOGL
1145,2014-09-04,0.5106,GOOGL
1146,2014-09-04,0.0,GOOGL
1147,2014-09-04,0.8316,GOOGL
1148,2014-09-04,0.8316,GOOGL
1149,2014-09-03,-0.2263,GOOGL
1150,2014-09-03,-0.2263,GOOGL
1151,2014-09-03,0.5859,GOOGL
1152,2014-09-03,0.5859,GOOGL
1153,2014-09-03,-0.2732,GOOGL
1154,2014-09-03,0.0,GOOGL
1155,2014-09-03,-0.5859,GOOGL
1156,2014-09-03,0.29600000000000004,GOOGL
1157,2014-09-03,0.29600000000000004,GOOGL
1158,2014-08-29,0.5719,GOOGL
1159,2014-08-29,0.3818,GOOGL
1160,2014-08-28,0.3818,GOOGL
1161,2014-08-28,0.5719,GOOGL
1162,2014-08-28,0.5719,GOOGL
1163,2014-08-28,0.5719,GOOGL
1164,2014-08-28,0.0,GOOGL
1165,2014-08-28,0.5719,GOOGL
1166,2014-08-26,0.0,GOOGL
1167,2014-08-26,0.0,GOOGL
1168,2014-08-26,0.0,GOOGL
1169,2014-08-26,-0.0516,GOOGL
1170,2014-08-25,0.5719,GOOGL
1171,2014-08-25,0.34,GOOGL
1172,2014-08-25,0.6486,GOOGL
1173,2014-08-25,0.4767,GOOGL
1174,2014-08-24,0.0,GOOGL
1175,2014-08-22,0.5086,GOOGL
1176,2014-08-20,-0.4404,GOOGL
1177,2014-08-20,-0.4404,GOOGL
1178,2014-08-20,0.0,GOOGL
1179,2014-08-20,0.0,GOOGL
1180,2014-08-19,-0.1531,GOOGL
1181,2014-08-19,0.0,GOOGL
1182,2014-08-19,0.0,GOOGL
1183,2014-08-18,0.1779,GOOGL
1184,2014-08-17,0.2006,GOOGL
1185,2014-08-17,0.2006,GOOGL
1186,2014-08-17,0.2006,GOOGL
1187,2014-08-16,0.0,GOOGL
1188,2014-08-15,-0.2732,GOOGL
1189,2014-08-15,0.2023,GOOGL
1190,2014-08-14,0.4019,GOOGL
1191,2014-08-13,-0.4215,GOOGL
1192,2014-08-13,-0.4215,GOOGL
1193,2014-08-13,0.0,GOOGL
1194,2014-08-12,0.5994,GOOGL
1195,2014-08-12,0.5994,GOOGL
1196,2014-08-08,0.0258,GOOGL
1197,2014-08-08,0.0258,GOOGL
1198,2014-08-08,-0.7184,GOOGL
1199,2014-08-08,0.0258,GOOGL
1200,2014-08-08,-0.7964,GOOGL
1201,2014-08-08,0.6908,GOOGL
1202,2014-08-08,0.6908,GOOGL
1203,2014-08-07,0.7003,GOOGL
1204,2014-08-07,0.7003,GOOGL
1205,2014-08-06,0.0,GOOGL
1206,2014-08-06,0.2617,GOOGL
1207,2014-08-06,-0.7506,GOOGL
1208,2014-08-06,-0.7506,GOOGL
1209,2014-08-04,-0.8909999999999999,GOOGL
1210,2014-07-31,0.0,GOOGL
1211,2014-07-31,-0.29600000000000004,GOOGL
1212,2014-07-30,-0.3182,GOOGL
1213,2014-07-30,0.0772,GOOGL
1214,2014-07-30,-0.3182,GOOGL
1215,2014-07-25,0.0,GOOGL
1216,2014-07-25,-0.2263,GOOGL
1217,2014-07-25,0.0,GOOGL
1218,2014-07-25,-0.807,GOOGL
1219,2014-07-24,-0.7003,GOOGL
1220,2014-07-24,-0.4404,GOOGL
1221,2014-07-24,-0.2263,GOOGL
1222,2014-07-23,0.0,GOOGL
1223,2014-07-23,0.0,GOOGL
1224,2014-07-22,0.2732,GOOGL
1225,2014-07-22,0.2732,GOOGL
1226,2014-07-22,-0.6369,GOOGL
1227,2014-07-22,-0.3749,GOOGL
1228,2014-07-22,-0.3749,GOOGL
1229,2014-07-22,-0.6369,GOOGL
1230,2014-07-21,0.0,GOOGL
1231,2014-07-21,0.0,GOOGL
1232,2014-07-18,-0.34,GOOGL
1233,2014-07-18,-0.5106,GOOGL
1234,2014-07-18,-0.34,GOOGL
1235,2014-07-18,0.0,GOOGL
1236,2014-07-18,0.0,GOOGL
1237,2014-07-18,0.9153,GOOGL
1238,2014-07-18,0.9153,GOOGL
1239,2014-07-18,-0.29600000000000004,GOOGL
1240,2014-07-18,0.9153,GOOGL
1241,2014-07-18,-0.1531,GOOGL
1242,2014-07-17,-0.4588,GOOGL
1243,2014-07-17,0.0,GOOGL
1244,2014-07-17,0.0,GOOGL
1245,2014-07-17,0.5994,GOOGL
1246,2014-07-17,0.4215,GOOGL
1247,2014-07-17,-0.4939,GOOGL
1248,2014-07-16,-0.9147,GOOGL
1249,2014-07-15,0.0,GOOGL
1250,2014-07-15,0.0,GOOGL
1251,2014-07-15,0.7003,GOOGL
1252,2014-07-15,0.7003,GOOGL
1253,2014-07-15,0.8126,GOOGL
1254,2014-07-15,0.4215,GOOGL
1255,2014-07-15,0.2263,GOOGL
1256,2014-07-15,0.8316,GOOGL
1257,2014-07-15,0.8176,GOOGL
1258,2014-07-15,0.5994,GOOGL
1259,2014-07-11,0.34,GOOGL
1260,2014-07-11,0.34,GOOGL
1261,2014-07-11,-0.6249,GOOGL
1262,2014-07-11,-0.6249,GOOGL
1263,2014-07-10,-0.9287,GOOGL
1264,2014-07-10,-0.9287,GOOGL
1265,2014-07-10,-0.7363,GOOGL
1266,2014-07-10,-0.7363,GOOGL
1267,2014-07-09,0.0,GOOGL
1268,2014-07-09,0.0,GOOGL
1269,2014-07-09,0.0,GOOGL
1270,2014-07-07,0.0,GOOGL
1271,2014-07-07,0.0,GOOGL
1272,2014-07-07,-0.6124,GOOGL
1273,2014-07-07,0.0,GOOGL
1274,2014-07-07,0.0,GOOGL
1275,2014-07-06,0.0439,GOOGL
1276,2014-07-06,0.0439,GOOGL
1277,2014-07-03,-0.5106,GOOGL
1278,2014-07-03,-0.5106,GOOGL
1279,2014-07-03,0.0772,GOOGL
1280,2014-07-03,-0.29600000000000004,GOOGL
1281,2014-07-03,0.0498,GOOGL
1282,2014-07-03,-0.8481,GOOGL
1283,2014-07-02,-0.4767,GOOGL
1284,2014-07-02,0.6124,GOOGL
1285,2014-07-02,0.2023,GOOGL
1286,2014-07-01,0.34,GOOGL
1287,2014-07-01,0.34,GOOGL
1288,2014-07-01,0.0,GOOGL
1289,2014-07-01,0.0,GOOGL
1290,2014-06-30,-0.0156,GOOGL
1291,2014-06-30,-0.6369,GOOGL
1292,2014-06-30,-0.6597,GOOGL
1293,2014-06-30,-0.6369,GOOGL
1294,2014-06-30,0.0,GOOGL
1295,2014-06-30,0.0,GOOGL
1296,2014-06-30,0.0,GOOGL
1297,2014-06-29,0.5267,GOOGL
1298,2014-06-28,0.5267,GOOGL
1299,2014-06-28,0.5267,GOOGL
1300,2014-06-28,0.0,GOOGL
1301,2014-06-28,0.0,GOOGL
1302,2014-06-28,0.0,GOOGL
1303,2014-06-27,0.0,GOOGL
1304,2014-06-27,0.0,GOOGL
1305,2014-06-26,-0.2263,GOOGL
1306,2014-06-26,-0.2263,GOOGL
1307,2014-06-26,0.0,GOOGL
1308,2014-06-26,0.0,GOOGL
1309,2014-06-25,0.1779,GOOGL
1310,2014-06-25,0.1779,GOOGL
1311,2014-06-25,0.743,GOOGL
1312,2014-06-25,0.743,GOOGL
1313,2014-06-25,0.0,GOOGL
1314,2014-06-25,0.0258,GOOGL
1315,2014-06-25,0.0258,GOOGL
1316,2014-06-25,0.0258,GOOGL
1317,2014-06-24,-0.29600000000000004,GOOGL
1318,2014-06-24,0.6908,GOOGL
1319,2014-06-24,0.6908,GOOGL
1320,2014-06-23,0.7269,GOOGL
1321,2014-06-23,0.0258,GOOGL
1322,2014-06-23,0.7269,GOOGL
1323,2014-06-23,0.7269,GOOGL
1324,2014-06-22,0.0,GOOGL
1325,2014-06-21,0.0258,GOOGL
1326,2014-06-21,0.0,GOOGL
1327,2014-06-21,0.0258,GOOGL
1328,2014-06-21,0.0,GOOGL
1329,2014-06-20,0.2023,GOOGL
1330,2014-06-19,-0.5859,GOOGL
1331,2014-06-19,-0.5859,GOOGL
1332,2014-06-19,-0.5267,GOOGL
1333,2014-06-19,0.7506,GOOGL
1334,2014-06-19,0.7269,GOOGL
1335,2014-06-19,0.7269,GOOGL
1336,2014-06-18,0.25,GOOGL
1337,2014-06-17,-0.5588,GOOGL
1338,2014-06-17,-0.5588,GOOGL
1339,2014-06-17,-0.5588,GOOGL
1340,2014-06-17,0.7506,GOOGL
1341,2014-06-16,0.0,GOOGL
1342,2014-06-15,0.3818,GOOGL
1343,2014-06-15,0.0,GOOGL
1344,2014-06-13,0.4215,GOOGL
1345,2014-06-13,0.4215,GOOGL
1346,2014-06-12,0.4215,GOOGL
1347,2014-06-12,0.4215,GOOGL
1348,2014-06-12,0.6124,GOOGL
1349,2014-06-10,0.0,GOOGL
1350,2014-06-10,0.0,GOOGL
1351,2014-06-10,0.0,GOOGL
1352,2014-06-10,0.0,GOOGL
1353,2014-06-06,0.2732,GOOGL
1354,2014-06-06,0.3818,GOOGL
1355,2014-06-05,-0.4939,GOOGL
1356,2014-06-05,0.0,GOOGL
1357,2014-06-02,0.5413,GOOGL
1358,2014-06-02,0.0,GOOGL
1359,2014-06-02,0.0,GOOGL
1360,2014-06-02,-0.2732,GOOGL
1361,2014-06-02,0.0,GOOGL
1362,2014-06-02,0.0,GOOGL
1363,2014-06-02,0.0,GOOGL
1364,2014-06-02,0.0,GOOGL
1365,2014-06-02,0.0,GOOGL
1366,2014-05-30,0.6705,GOOGL
1367,2014-05-30,0.0,GOOGL
1368,2014-05-30,-0.9359999999999999,GOOGL
1369,2014-05-30,0.0,GOOGL
1370,2014-05-30,0.2023,GOOGL
1371,2014-05-29,0.6369,GOOGL
1372,2014-05-29,0.6369,GOOGL
1373,2014-05-29,-0.4215,GOOGL
1374,2014-05-29,0.4019,GOOGL
1375,2014-05-29,-0.4215,GOOGL
1376,2014-05-29,0.0772,GOOGL
1377,2014-05-29,0.0772,GOOGL
1378,2014-05-28,0.4767,GOOGL
1379,2014-05-28,0.4767,GOOGL
1380,2014-05-28,0.4767,GOOGL
1381,2014-05-23,0.0,GOOGL
1382,2014-05-23,0.0,GOOGL
1383,2014-05-23,0.0,GOOGL
1384,2014-05-22,0.0,GOOGL
1385,2014-05-21,0.4019,GOOGL
1386,2014-05-19,0.4939,GOOGL
1387,2014-05-19,0.0,GOOGL
1388,2014-05-19,0.0,GOOGL
1389,2014-05-19,0.0,GOOGL
1390,2014-05-19,-0.29600000000000004,GOOGL
1391,2014-05-19,0.0,GOOGL
1392,2014-05-17,-0.2732,GOOGL
1393,2014-05-17,-0.2732,GOOGL
1394,2014-05-17,0.2023,GOOGL
1395,2014-05-17,-0.0772,GOOGL
1396,2014-05-17,0.0,GOOGL
1397,2014-05-16,-0.0772,GOOGL
1398,2014-05-16,-0.0772,GOOGL
1399,2014-05-16,0.0772,GOOGL
1400,2014-05-15,-0.4019,GOOGL
1401,2014-05-15,0.5984,GOOGL
1402,2014-05-14,0.0,GOOGL
1403,2014-05-14,0.0772,GOOGL
1404,2014-05-14,0.0,GOOGL
1405,2014-05-14,0.5106,GOOGL
1406,2014-05-14,0.4215,GOOGL
1407,2014-05-14,0.5106,GOOGL
1408,2014-05-12,-0.7184,GOOGL
1409,2014-05-12,-0.7184,GOOGL
1410,2014-05-11,-0.1027,GOOGL
1411,2014-05-08,0.0,GOOGL
1412,2014-05-07,0.0,GOOGL
1413,2014-05-07,0.0,GOOGL
1414,2014-05-07,0.0,GOOGL
1415,2014-05-03,0.4215,GOOGL
1416,2014-05-02,0.4215,GOOGL
1417,2014-05-02,0.4215,GOOGL
1418,2014-05-02,0.0,GOOGL
1419,2014-05-02,0.0,GOOGL
1420,2014-05-02,0.0,GOOGL
1421,2014-05-01,0.0,GOOGL
1422,2014-05-01,0.29600000000000004,GOOGL
1423,2014-04-30,0.4588,GOOGL
1424,2014-04-30,0.836,GOOGL
1425,2014-04-30,0.0,GOOGL
1426,2014-04-30,0.0,GOOGL
1427,2014-04-29,-0.1531,GOOGL
1428,2014-04-29,0.3182,GOOGL
1429,2014-04-28,0.0,GOOGL
1430,2014-04-28,0.0,GOOGL
1431,2014-04-25,-0.0516,GOOGL
1432,2014-04-25,-0.0516,GOOGL
1433,2014-04-25,0.0,GOOGL
1434,2014-04-25,-0.2263,GOOGL
1435,2014-04-24,-0.2263,GOOGL
1436,2014-04-24,-0.2263,GOOGL
1437,2014-04-24,-0.128,GOOGL
1438,2014-04-24,0.0,GOOGL
1439,2014-04-24,0.0,GOOGL
1440,2014-04-24,0.3182,GOOGL
1441,2014-04-24,0.0,GOOGL
1442,2014-04-24,0.0,GOOGL
1443,2014-04-24,0.2023,GOOGL
1444,2014-04-23,-0.079,GOOGL
1445,2014-04-22,0.3818,GOOGL
1446,2014-04-21,0.743,GOOGL
1447,2014-04-21,0.0,GOOGL
1448,2014-04-21,0.5267,GOOGL
1449,2014-04-21,0.5267,GOOGL
1450,2014-04-21,-0.3818,GOOGL
1451,2014-04-21,-0.3818,GOOGL
1452,2014-04-21,0.743,GOOGL
1453,2014-04-17,-0.6249,GOOGL
1454,2014-04-17,-0.6249,GOOGL
1455,2014-04-17,-0.6249,GOOGL
1456,2014-04-17,-0.6249,GOOGL
1457,2014-04-17,0.6908,GOOGL
1458,2014-04-17,0.5267,GOOGL
1459,2014-04-17,0.0,GOOGL
1460,2014-04-17,0.0,GOOGL
1461,2014-04-17,-0.2263,GOOGL
1462,2014-04-17,-0.6249,GOOGL
1463,2014-04-16,0.8074,GOOGL
1464,2014-04-16,0.0,GOOGL
1465,2014-04-16,0.0,GOOGL
1466,2014-04-16,0.0,GOOGL
1467,2014-04-15,0.0,GOOGL
1468,2014-04-15,0.4754,GOOGL
1469,2014-04-15,0.4754,GOOGL
1470,2014-04-14,0.5106,GOOGL
1471,2014-04-14,0.5106,GOOGL
1472,2014-04-14,0.5106,GOOGL
1473,2014-04-14,0.29600000000000004,GOOGL
1474,2014-04-14,0.0,GOOGL
1475,2014-04-14,0.0,GOOGL
1476,2014-04-14,0.0,GOOGL
1477,2014-04-14,0.0,GOOGL
1478,2014-04-14,-0.5574,GOOGL
1479,2014-04-14,0.0,GOOGL
1480,2014-04-10,0.0,GOOGL
1481,2014-04-10,0.0,GOOGL
1482,2014-04-10,0.0,GOOGL
1483,2014-04-10,0.0,GOOGL
1484,2014-04-08,-0.0258,GOOGL
1485,2014-04-08,0.0,GOOGL
1486,2014-04-08,0.0,GOOGL
1487,2014-04-08,0.0,GOOGL
1488,2014-04-07,0.1531,GOOGL
1489,2014-04-06,0.8885,GOOGL
1490,2014-04-06,0.1531,GOOGL
1491,2014-04-04,-0.29600000000000004,GOOGL
1492,2014-04-03,-0.5358,GOOGL
1493,2014-04-03,0.0,GOOGL
1494,2014-04-03,-0.2023,GOOGL
1495,2014-04-03,-0.2023,GOOGL
1496,2014-04-03,0.0,GOOGL
1497,2014-04-03,0.0,GOOGL
1498,2014-04-03,0.2263,GOOGL
